{"files":{"application-fafd094b883cb664ef7572f84304b94b32fb3b98c523b36846654a6cfc48ef58.js":{"logical_path":"application.js","mtime":"2021-08-30T03:11:25+01:00","size":40337,"digest":"fafd094b883cb664ef7572f84304b94b32fb3b98c523b36846654a6cfc48ef58","integrity":"sha256-+v0JS4g8tmTvdXL4QwS5SzL7O5jFI7NoRmVKbPxI71g="},"application-e3b0c44298fc1c149afbf4c8996fb92427ae41e4649b934ca495991b7852b855.css":{"logical_path":"application.css","mtime":"2021-08-30T03:11:37+01:00","size":0,"digest":"e3b0c44298fc1c149afbf4c8996fb92427ae41e4649b934ca495991b7852b855","integrity":"sha256-47DEQpj8HBSa+/TImW+5JCeuQeRkm5NMpJWZG3hSuFU="},"actiontext/test/dummy/app/assets/stylesheets/application-8602b5ba959347b98a3baa4a17f97a55e15c56c880f6b508899178398ee215a9.css":{"logical_path":"actiontext/test/dummy/app/assets/stylesheets/application.css","mtime":"2021-08-30T02:46:20+01:00","size":14840,"digest":"8602b5ba959347b98a3baa4a17f97a55e15c56c880f6b508899178398ee215a9","integrity":"sha256-hgK1upWTR7mKO6pKF/l6VeFcVsiA9rUIiZF4OY7iFak="},"actiontext/test/dummy/app/javascript/packs/application-1616dbf6c074462ce21c21b4df6b5871ef31f6224e2b4eb647713d06e8c746f2.js":{"logical_path":"actiontext/test/dummy/app/javascript/packs/application.js","mtime":"2019-01-07T02:33:53+01:00","size":19,"digest":"1616dbf6c074462ce21c21b4df6b5871ef31f6224e2b4eb647713d06e8c746f2","integrity":"sha256-Fhbb9sB0RiziHCG032tYce8x9iJOK062R3E9BujHRvI="}},"assets":{"application.js":"application-fafd094b883cb664ef7572f84304b94b32fb3b98c523b36846654a6cfc48ef58.js","application.css":"application-e3b0c44298fc1c149afbf4c8996fb92427ae41e4649b934ca495991b7852b855.css","actiontext/test/dummy/app/assets/stylesheets/application.css":"actiontext/test/dummy/app/assets/stylesheets/application-8602b5ba959347b98a3baa4a17f97a55e15c56c880f6b508899178398ee215a9.css","actiontext/test/dummy/app/javascript/packs/application.js":"actiontext/test/dummy/app/javascript/packs/application-1616dbf6c074462ce21c21b4df6b5871ef31f6224e2b4eb647713d06e8c746f2.js"}}